"stall_id","occupied","parking_type","centroid_lat","centroid_lng","polygon_wkt","coordinates_json","polygon","lot_id"
"1","0","handicap","49.2835744","-123.1153951","POLYGON((-123.1154079 49.2836019, -123.1154409 49.2835799, -123.1153819 49.2835469, -123.1153499 49.2835689, -123.1154079 49.2836019))","[{""lat"": 49.2836019, ""lng"": -123.1154079}, {""lat"": 49.2835799, ""lng"": -123.1154409}, {""lat"": 49.2835469, ""lng"": -123.1153819}, {""lat"": 49.2835689, ""lng"": -123.1153499}]","","1"
"2","0","handicap","49.2835473","-123.1154356","POLYGON((-123.1154489 49.2835746, -123.1154809 49.2835536, -123.1154229 49.2835196, -123.1153899 49.2835416, -123.1154489 49.2835746))","[{""lat"": 49.2835746, ""lng"": -123.1154489}, {""lat"": 49.2835536, ""lng"": -123.1154809}, {""lat"": 49.2835196, ""lng"": -123.1154229}, {""lat"": 49.2835416, ""lng"": -123.1153899}]","","1"
"3","0","electric","49.2835206","-123.1154763","POLYGON((-123.1154890 49.2835484, -123.1155220 49.2835264, -123.1154630 49.2834934, -123.1154310 49.2835144, -123.1154890 49.2835484))","[{""lat"": 49.2835484, ""lng"": -123.115489}, {""lat"": 49.2835264, ""lng"": -123.115522}, {""lat"": 49.2834934, ""lng"": -123.115463}, {""lat"": 49.2835144, ""lng"": -123.115431}]","","1"
"4","0","electric","49.2834945","-123.1155167","POLYGON((-123.1155300 49.2835220, -123.1155620 49.2835000, -123.1155040 49.2834670, -123.1154710 49.2834890, -123.1155300 49.2835220))","[{""lat"": 49.283522, ""lng"": -123.11553}, {""lat"": 49.2835, ""lng"": -123.115562}, {""lat"": 49.283467, ""lng"": -123.115504}, {""lat"": 49.283489, ""lng"": -123.115471}]","","1"
"5","0","electric","49.2834677","-123.1155562","POLYGON((-123.1155687 49.2834947, -123.1156017 49.2834737, -123.1155437 49.2834407, -123.1155107 49.2834617, -123.1155687 49.2834947))","[{""lat"": 49.2834947, ""lng"": -123.1155687}, {""lat"": 49.2834737, ""lng"": -123.1156017}, {""lat"": 49.2834407, ""lng"": -123.1155437}, {""lat"": 49.2834617, ""lng"": -123.1155107}]","","1"
"6","0","electric","49.2834401","-123.1155954","POLYGON((-123.1156084 49.2834676, -123.1156404 49.2834456, -123.1155824 49.2834126, -123.1155504 49.2834346, -123.1156084 49.2834676))","[{""lat"": 49.2834676, ""lng"": -123.1156084}, {""lat"": 49.2834456, ""lng"": -123.1156404}, {""lat"": 49.2834126, ""lng"": -123.1155824}, {""lat"": 49.2834346, ""lng"": -123.1155504}]","","1"
"7","0","electric","49.2834120","-123.1156373","POLYGON((-123.1156498 49.2834395, -123.1156828 49.2834175, -123.1156248 49.2833845, -123.1155918 49.2834065, -123.1156498 49.2834395))","[{""lat"": 49.2834395, ""lng"": -123.1156498}, {""lat"": 49.2834175, ""lng"": -123.1156828}, {""lat"": 49.2833845, ""lng"": -123.1156248}, {""lat"": 49.2834065, ""lng"": -123.1155918}]","","1"
"8","0","electric","49.2833861","-123.1156782","POLYGON((-123.1156909 49.2834131, -123.1157239 49.2833921, -123.1156649 49.2833591, -123.1156329 49.2833801, -123.1156909 49.2834131))","[{""lat"": 49.2834131, ""lng"": -123.1156909}, {""lat"": 49.2833921, ""lng"": -123.1157239}, {""lat"": 49.2833591, ""lng"": -123.1156649}, {""lat"": 49.2833801, ""lng"": -123.1156329}]","","1"
"9","0","regular","49.2835273","-123.1151425","POLYGON((-123.1151557 49.2835548, -123.1151877 49.2835328, -123.1151297 49.2834998, -123.1150967 49.2835218, -123.1151557 49.2835548))","[{""lat"": 49.2835548, ""lng"": -123.1151557}, {""lat"": 49.2835328, ""lng"": -123.1151877}, {""lat"": 49.2834998, ""lng"": -123.1151297}, {""lat"": 49.2835218, ""lng"": -123.1150967}]","","1"
"10","0","regular","49.2835028","-123.1151775","POLYGON((-123.1151903 49.2835301, -123.1152233 49.2835091, -123.1151643 49.2834751, -123.1151323 49.2834971, -123.1151903 49.2835301))","[{""lat"": 49.2835301, ""lng"": -123.1151903}, {""lat"": 49.2835091, ""lng"": -123.1152233}, {""lat"": 49.2834751, ""lng"": -123.1151643}, {""lat"": 49.2834971, ""lng"": -123.1151323}]","","1"
"11","0","regular","49.2834795","-123.1152140","POLYGON((-123.1152273 49.2835073, -123.1152593 49.2834853, -123.1152013 49.2834523, -123.1151683 49.2834733, -123.1152273 49.2835073))","[{""lat"": 49.2835073, ""lng"": -123.1152273}, {""lat"": 49.2834853, ""lng"": -123.1152593}, {""lat"": 49.2834523, ""lng"": -123.1152013}, {""lat"": 49.2834733, ""lng"": -123.1151683}]","","1"
"12","0","regular","49.2834557","-123.1152496","POLYGON((-123.1152621 49.2834832, -123.1152951 49.2834612, -123.1152371 49.2834282, -123.1152041 49.2834502, -123.1152621 49.2834832))","[{""lat"": 49.2834832, ""lng"": -123.1152621}, {""lat"": 49.2834612, ""lng"": -123.1152951}, {""lat"": 49.2834282, ""lng"": -123.1152371}, {""lat"": 49.2834502, ""lng"": -123.1152041}]","","1"
"13","0","regular","49.2834324","-123.1152844","POLYGON((-123.1152974 49.2834594, -123.1153294 49.2834384, -123.1152714 49.2834054, -123.1152394 49.2834264, -123.1152974 49.2834594))","[{""lat"": 49.2834594, ""lng"": -123.1152974}, {""lat"": 49.2834384, ""lng"": -123.1153294}, {""lat"": 49.2834054, ""lng"": -123.1152714}, {""lat"": 49.2834264, ""lng"": -123.1152394}]","","1"
"14","0","regular","49.2834092","-123.1153196","POLYGON((-123.1153321 49.2834367, -123.1153651 49.2834147, -123.1153071 49.2833817, -123.1152741 49.2834037, -123.1153321 49.2834367))","[{""lat"": 49.2834367, ""lng"": -123.1153321}, {""lat"": 49.2834147, ""lng"": -123.1153651}, {""lat"": 49.2833817, ""lng"": -123.1153071}, {""lat"": 49.2834037, ""lng"": -123.1152741}]","","1"
"15","0","regular","49.2833858","-123.1153549","POLYGON((-123.1153677 49.2834133, -123.1154007 49.2833913, -123.1153417 49.2833583, -123.1153097 49.2833803, -123.1153677 49.2834133))","[{""lat"": 49.2834133, ""lng"": -123.1153677}, {""lat"": 49.2833913, ""lng"": -123.1154007}, {""lat"": 49.2833583, ""lng"": -123.1153417}, {""lat"": 49.2833803, ""lng"": -123.1153097}]","","1"
"16","0","regular","49.2833633","-123.1153889","POLYGON((-123.1154021 49.2833903, -123.1154341 49.2833693, -123.1153761 49.2833363, -123.1153431 49.2833573, -123.1154021 49.2833903))","[{""lat"": 49.2833903, ""lng"": -123.1154021}, {""lat"": 49.2833693, ""lng"": -123.1154341}, {""lat"": 49.2833363, ""lng"": -123.1153761}, {""lat"": 49.2833573, ""lng"": -123.1153431}]","","1"
"17","0","small","49.2833406","-123.1154234","POLYGON((-123.1154361 49.2833681, -123.1154691 49.2833461, -123.1154101 49.2833131, -123.1153781 49.2833351, -123.1154361 49.2833681))","[{""lat"": 49.2833681, ""lng"": -123.1154361}, {""lat"": 49.2833461, ""lng"": -123.1154691}, {""lat"": 49.2833131, ""lng"": -123.1154101}, {""lat"": 49.2833351, ""lng"": -123.1153781}]","","1"
"18","0","regular","49.2833177","-123.1154578","POLYGON((-123.1154711 49.2833449, -123.1155031 49.2833239, -123.1154451 49.2832899, -123.1154121 49.2833119, -123.1154711 49.2833449))","[{""lat"": 49.2833449, ""lng"": -123.1154711}, {""lat"": 49.2833239, ""lng"": -123.1155031}, {""lat"": 49.2832899, ""lng"": -123.1154451}, {""lat"": 49.2833119, ""lng"": -123.1154121}]","","1"
"19","0","regular","49.2832947","-123.1154923","POLYGON((-123.1155051 49.2833224, -123.1155381 49.2833004, -123.1154791 49.2832674, -123.1154471 49.2832884, -123.1155051 49.2833224))","[{""lat"": 49.2833224, ""lng"": -123.1155051}, {""lat"": 49.2833004, ""lng"": -123.1155381}, {""lat"": 49.2832674, ""lng"": -123.1154791}, {""lat"": 49.2832884, ""lng"": -123.1154471}]","","1"
"20","0","regular","49.2834662","-123.1150258","POLYGON((-123.1150383 49.2834937, -123.1150713 49.2834717, -123.1150133 49.2834387, -123.1149803 49.2834607, -123.1150383 49.2834937))","[{""lat"": 49.2834937, ""lng"": -123.1150383}, {""lat"": 49.2834717, ""lng"": -123.1150713}, {""lat"": 49.2834387, ""lng"": -123.1150133}, {""lat"": 49.2834607, ""lng"": -123.1149803}]","","1"
"21","0","regular","49.2834421","-123.1150603","POLYGON((-123.1150733 49.2834696, -123.1151053 49.2834476, -123.1150473 49.2834146, -123.1150153 49.2834366, -123.1150733 49.2834696))","[{""lat"": 49.2834696, ""lng"": -123.1150733}, {""lat"": 49.2834476, ""lng"": -123.1151053}, {""lat"": 49.2834146, ""lng"": -123.1150473}, {""lat"": 49.2834366, ""lng"": -123.1150153}]","","1"
"22","0","regular","49.2834184","-123.1150948","POLYGON((-123.1151073 49.2834454, -123.1151403 49.2834244, -123.1150823 49.2833914, -123.1150493 49.2834124, -123.1151073 49.2834454))","[{""lat"": 49.2834454, ""lng"": -123.1151073}, {""lat"": 49.2834244, ""lng"": -123.1151403}, {""lat"": 49.2833914, ""lng"": -123.1150823}, {""lat"": 49.2834124, ""lng"": -123.1150493}]","","1"
"23","0","regular","49.2833938","-123.1151310","POLYGON((-123.1151437 49.2834213, -123.1151767 49.2833993, -123.1151177 49.2833663, -123.1150857 49.2833883, -123.1151437 49.2834213))","[{""lat"": 49.2834213, ""lng"": -123.1151437}, {""lat"": 49.2833993, ""lng"": -123.1151767}, {""lat"": 49.2833663, ""lng"": -123.1151177}, {""lat"": 49.2833883, ""lng"": -123.1150857}]","","1"
"24","0","regular","49.2833703","-123.1151655","POLYGON((-123.1151787 49.2833976, -123.1152107 49.2833766, -123.1151527 49.2833426, -123.1151197 49.2833646, -123.1151787 49.2833976))","[{""lat"": 49.2833976, ""lng"": -123.1151787}, {""lat"": 49.2833766, ""lng"": -123.1152107}, {""lat"": 49.2833426, ""lng"": -123.1151527}, {""lat"": 49.2833646, ""lng"": -123.1151197}]","","1"
"25","0","regular","49.2833458","-123.1152014","POLYGON((-123.1152141 49.2833735, -123.1152471 49.2833515, -123.1151881 49.2833185, -123.1151561 49.2833395, -123.1152141 49.2833735))","[{""lat"": 49.2833735, ""lng"": -123.1152141}, {""lat"": 49.2833515, ""lng"": -123.1152471}, {""lat"": 49.2833185, ""lng"": -123.1151881}, {""lat"": 49.2833395, ""lng"": -123.1151561}]","","1"
"26","0","regular","49.2833222","-123.1152359","POLYGON((-123.1152491 49.2833497, -123.1152811 49.2833277, -123.1152231 49.2832947, -123.1151901 49.2833167, -123.1152491 49.2833497))","[{""lat"": 49.2833497, ""lng"": -123.1152491}, {""lat"": 49.2833277, ""lng"": -123.1152811}, {""lat"": 49.2832947, ""lng"": -123.1152231}, {""lat"": 49.2833167, ""lng"": -123.1151901}]","","1"
"27","0","regular","49.2832984","-123.1152697","POLYGON((-123.1152824 49.2833256, -123.1153154 49.2833046, -123.1152564 49.2832706, -123.1152244 49.2832926, -123.1152824 49.2833256))","[{""lat"": 49.2833256, ""lng"": -123.1152824}, {""lat"": 49.2833046, ""lng"": -123.1153154}, {""lat"": 49.2832706, ""lng"": -123.1152564}, {""lat"": 49.2832926, ""lng"": -123.1152244}]","","1"
"28","0","handicap","49.2832706","-123.1153109","POLYGON((-123.1153241 49.2832984, -123.1153561 49.2832764, -123.1152981 49.2832434, -123.1152651 49.2832644, -123.1153241 49.2832984))","[{""lat"": 49.2832984, ""lng"": -123.1153241}, {""lat"": 49.2832764, ""lng"": -123.1153561}, {""lat"": 49.2832434, ""lng"": -123.1152981}, {""lat"": 49.2832644, ""lng"": -123.1152651}]","","1"
"29","0","handicap","49.2832437","-123.1153515","POLYGON((-123.1153642 49.2832712, -123.1153972 49.2832492, -123.1153382 49.2832162, -123.1153062 49.2832382, -123.1153642 49.2832712))","[{""lat"": 49.2832712, ""lng"": -123.1153642}, {""lat"": 49.2832492, ""lng"": -123.1153972}, {""lat"": 49.2832162, ""lng"": -123.1153382}, {""lat"": 49.2832382, ""lng"": -123.1153062}]","","1"
"30","0","small","49.2836830","-123.1152030","POLYGON((-123.1151935 49.2837110, -123.1152475 49.2836750, -123.1152125 49.2836550, -123.1151585 49.2836910, -123.1151935 49.2837110))","[{""lat"": 49.283711, ""lng"": -123.1151935}, {""lat"": 49.283675, ""lng"": -123.1152475}, {""lat"": 49.283655, ""lng"": -123.1152125}, {""lat"": 49.283691, ""lng"": -123.1151585}]","","1"
"31","0","small","49.2836622","-123.1151654","POLYGON((-123.1151559 49.2836900, -123.1152099 49.2836540, -123.1151749 49.2836340, -123.1151209 49.2836710, -123.1151559 49.2836900))","[{""lat"": 49.28369, ""lng"": -123.1151559}, {""lat"": 49.283654, ""lng"": -123.1152099}, {""lat"": 49.283634, ""lng"": -123.1151749}, {""lat"": 49.283671, ""lng"": -123.1151209}]","","1"
"32","0","small","49.2836409","-123.1151290","POLYGON((-123.1151195 49.2836692, -123.1151735 49.2836322, -123.1151385 49.2836132, -123.1150845 49.2836492, -123.1151195 49.2836692))","[{""lat"": 49.2836692, ""lng"": -123.1151195}, {""lat"": 49.2836322, ""lng"": -123.1151735}, {""lat"": 49.2836132, ""lng"": -123.1151385}, {""lat"": 49.2836492, ""lng"": -123.1150845}]","","1"
"33","0","small","49.2836205","-123.1150917","POLYGON((-123.1150822 49.2836485, -123.1151362 49.2836125, -123.1151012 49.2835925, -123.1150472 49.2836285, -123.1150822 49.2836485))","[{""lat"": 49.2836485, ""lng"": -123.1150822}, {""lat"": 49.2836125, ""lng"": -123.1151362}, {""lat"": 49.2835925, ""lng"": -123.1151012}, {""lat"": 49.2836285, ""lng"": -123.1150472}]","","1"
"34","0","small","49.2835990","-123.1150544","POLYGON((-123.1150449 49.2836270, -123.1150989 49.2835910, -123.1150639 49.2835710, -123.1150099 49.2836070, -123.1150449 49.2836270))","[{""lat"": 49.283627, ""lng"": -123.1150449}, {""lat"": 49.283591, ""lng"": -123.1150989}, {""lat"": 49.283571, ""lng"": -123.1150639}, {""lat"": 49.283607, ""lng"": -123.1150099}]","","1"
"35","0","small","49.2835777","-123.1150167","POLYGON((-123.1150072 49.2836057, -123.1150612 49.2835697, -123.1150262 49.2835497, -123.1149722 49.2835857, -123.1150072 49.2836057))","[{""lat"": 49.2836057, ""lng"": -123.1150072}, {""lat"": 49.2835697, ""lng"": -123.1150612}, {""lat"": 49.2835497, ""lng"": -123.1150262}, {""lat"": 49.2835857, ""lng"": -123.1149722}]","","1"
"36","0","small","49.2835562","-123.1149804","POLYGON((-123.1149709 49.2835842, -123.1150249 49.2835482, -123.1149899 49.2835282, -123.1149359 49.2835642, -123.1149709 49.2835842))","[{""lat"": 49.2835842, ""lng"": -123.1149709}, {""lat"": 49.2835482, ""lng"": -123.1150249}, {""lat"": 49.2835282, ""lng"": -123.1149899}, {""lat"": 49.2835642, ""lng"": -123.1149359}]","","1"
"37","0","small","49.2835345","-123.1149427","POLYGON((-123.1149332 49.2835625, -123.1149872 49.2835265, -123.1149522 49.2835065, -123.1148982 49.2835425, -123.1149332 49.2835625))","[{""lat"": 49.2835625, ""lng"": -123.1149332}, {""lat"": 49.2835265, ""lng"": -123.1149872}, {""lat"": 49.2835065, ""lng"": -123.1149522}, {""lat"": 49.2835425, ""lng"": -123.1148982}]","","1"
"38","0","regular","49.2835585","-123.1152240","POLYGON((-123.1152373 49.2835857, -123.1152693 49.2835647, -123.1152113 49.2835307, -123.1151783 49.2835527, -123.1152373 49.2835857))","[{""lat"": 49.2835857, ""lng"": -123.1152373}, {""lat"": 49.2835647, ""lng"": -123.1152693}, {""lat"": 49.2835307, ""lng"": -123.1152113}, {""lat"": 49.2835527, ""lng"": -123.1151783}]","","2"
"39","0","regular","49.2835362","-123.1152580","POLYGON((-123.1152707 49.2835639, -123.1153037 49.2835419, -123.1152447 49.2835089, -123.1152127 49.2835299, -123.1152707 49.2835639))","[{""lat"": 49.2835639, ""lng"": -123.1152707}, {""lat"": 49.2835419, ""lng"": -123.1153037}, {""lat"": 49.2835089, ""lng"": -123.1152447}, {""lat"": 49.2835299, ""lng"": -123.1152127}]","","2"
"40","0","regular","49.2835131","-123.1152910","POLYGON((-123.1153043 49.2835406, -123.1153363 49.2835186, -123.1152783 49.2834856, -123.1152453 49.2835076, -123.1153043 49.2835406))","[{""lat"": 49.2835406, ""lng"": -123.1153043}, {""lat"": 49.2835186, ""lng"": -123.1153363}, {""lat"": 49.2834856, ""lng"": -123.1152783}, {""lat"": 49.2835076, ""lng"": -123.1152453}]","","2"
"41","0","regular","49.2834903","-123.1153250","POLYGON((-123.1153377 49.2835173, -123.1153707 49.2834963, -123.1153117 49.2834633, -123.1152797 49.2834843, -123.1153377 49.2835173))","[{""lat"": 49.2835173, ""lng"": -123.1153377}, {""lat"": 49.2834963, ""lng"": -123.1153707}, {""lat"": 49.2834633, ""lng"": -123.1153117}, {""lat"": 49.2834843, ""lng"": -123.1152797}]","","2"
"42","0","regular","49.2834674","-123.1153580","POLYGON((-123.1153713 49.2834949, -123.1154033 49.2834729, -123.1153453 49.2834399, -123.1153123 49.2834619, -123.1153713 49.2834949))","[{""lat"": 49.2834949, ""lng"": -123.1153713}, {""lat"": 49.2834729, ""lng"": -123.1154033}, {""lat"": 49.2834399, ""lng"": -123.1153453}, {""lat"": 49.2834619, ""lng"": -123.1153123}]","","2"
"43","0","regular","49.2834441","-123.1153922","POLYGON((-123.1154047 49.2834716, -123.1154377 49.2834496, -123.1153797 49.2834166, -123.1153467 49.2834386, -123.1154047 49.2834716))","[{""lat"": 49.2834716, ""lng"": -123.1154047}, {""lat"": 49.2834496, ""lng"": -123.1154377}, {""lat"": 49.2834166, ""lng"": -123.1153797}, {""lat"": 49.2834386, ""lng"": -123.1153467}]","","2"
"44","0","regular","49.2834104","-123.1154441","POLYGON((-123.1154571 49.2834374, -123.1154891 49.2834164, -123.1154311 49.2833834, -123.1153991 49.2834044, -123.1154571 49.2834374))","[{""lat"": 49.2834374, ""lng"": -123.1154571}, {""lat"": 49.2834164, ""lng"": -123.1154891}, {""lat"": 49.2833834, ""lng"": -123.1154311}, {""lat"": 49.2834044, ""lng"": -123.1153991}]","","2"
"45","0","regular","49.2833876","-123.1154793","POLYGON((-123.1154918 49.2834151, -123.1155248 49.2833931, -123.1154668 49.2833601, -123.1154338 49.2833821, -123.1154918 49.2834151))","[{""lat"": 49.2834151, ""lng"": -123.1154918}, {""lat"": 49.2833931, ""lng"": -123.1155248}, {""lat"": 49.2833601, ""lng"": -123.1154668}, {""lat"": 49.2833821, ""lng"": -123.1154338}]","","2"
"46","0","regular","49.2833646","-123.1155148","POLYGON((-123.1155275 49.2833918, -123.1155605 49.2833708, -123.1155015 49.2833368, -123.1154695 49.2833588, -123.1155275 49.2833918))","[{""lat"": 49.2833918, ""lng"": -123.1155275}, {""lat"": 49.2833708, ""lng"": -123.1155605}, {""lat"": 49.2833368, ""lng"": -123.1155015}, {""lat"": 49.2833588, ""lng"": -123.1154695}]","","2"
"47","0","small","49.2832814","-123.1157703","POLYGON((-123.1157608 49.2833094, -123.1158148 49.2832734, -123.1157798 49.2832534, -123.1157258 49.2832894, -123.1157608 49.2833094))","[{""lat"": 49.2833094, ""lng"": -123.1157608}, {""lat"": 49.2832734, ""lng"": -123.1158148}, {""lat"": 49.2832534, ""lng"": -123.1157798}, {""lat"": 49.2832894, ""lng"": -123.1157258}]","","2"
"48","0","small","49.2832605","-123.1157320","POLYGON((-123.1157225 49.2832885, -123.1157765 49.2832525, -123.1157415 49.2832325, -123.1156875 49.2832685, -123.1157225 49.2832885))","[{""lat"": 49.2832885, ""lng"": -123.1157225}, {""lat"": 49.2832525, ""lng"": -123.1157765}, {""lat"": 49.2832325, ""lng"": -123.1157415}, {""lat"": 49.2832685, ""lng"": -123.1156875}]","","2"
"49","0","small","49.2832388","-123.1156950","POLYGON((-123.1156855 49.2832668, -123.1157395 49.2832308, -123.1157045 49.2832108, -123.1156505 49.2832468, -123.1156855 49.2832668))","[{""lat"": 49.2832668, ""lng"": -123.1156855}, {""lat"": 49.2832308, ""lng"": -123.1157395}, {""lat"": 49.2832108, ""lng"": -123.1157045}, {""lat"": 49.2832468, ""lng"": -123.1156505}]","","2"
"50","0","small","49.2832175","-123.1156586","POLYGON((-123.1156491 49.2832455, -123.1157031 49.2832095, -123.1156681 49.2831895, -123.1156141 49.2832255, -123.1156491 49.2832455))","[{""lat"": 49.2832455, ""lng"": -123.1156491}, {""lat"": 49.2832095, ""lng"": -123.1157031}, {""lat"": 49.2831895, ""lng"": -123.1156681}, {""lat"": 49.2832255, ""lng"": -123.1156141}]","","2"
"51","0","small","49.2831962","-123.1156203","POLYGON((-123.1156108 49.2832242, -123.1156648 49.2831882, -123.1156298 49.2831682, -123.1155758 49.2832042, -123.1156108 49.2832242))","[{""lat"": 49.2832242, ""lng"": -123.1156108}, {""lat"": 49.2831882, ""lng"": -123.1156648}, {""lat"": 49.2831682, ""lng"": -123.1156298}, {""lat"": 49.2832042, ""lng"": -123.1155758}]","","2"
"52","0","small","49.2831749","-123.1155833","POLYGON((-123.1155738 49.2832029, -123.1156278 49.2831669, -123.1155928 49.2831469, -123.1155388 49.2831829, -123.1155738 49.2832029))","[{""lat"": 49.2832029, ""lng"": -123.1155738}, {""lat"": 49.2831669, ""lng"": -123.1156278}, {""lat"": 49.2831469, ""lng"": -123.1155928}, {""lat"": 49.2831829, ""lng"": -123.1155388}]","","2"
"53","0","small","49.2831540","-123.1155459","POLYGON((-123.1155364 49.2831820, -123.1155904 49.2831460, -123.1155554 49.2831260, -123.1155014 49.2831620, -123.1155364 49.2831820))","[{""lat"": 49.283182, ""lng"": -123.1155364}, {""lat"": 49.283146, ""lng"": -123.1155904}, {""lat"": 49.283126, ""lng"": -123.1155554}, {""lat"": 49.283162, ""lng"": -123.1155014}]","","2"
"54","0","small","49.2831331","-123.1155089","POLYGON((-123.1154994 49.2831611, -123.1155534 49.2831251, -123.1155184 49.2831051, -123.1154644 49.2831411, -123.1154994 49.2831611))","[{""lat"": 49.2831611, ""lng"": -123.1154994}, {""lat"": 49.2831251, ""lng"": -123.1155534}, {""lat"": 49.2831051, ""lng"": -123.1155184}, {""lat"": 49.2831411, ""lng"": -123.1154644}]","","2"
"55","0","regular","49.2836037","-123.1153831","POLYGON((-123.1153959 49.2836314, -123.1154289 49.2836094, -123.1153699 49.2835764, -123.1153379 49.2835974, -123.1153959 49.2836314))","[{""lat"": 49.2836314, ""lng"": -123.1153959}, {""lat"": 49.2836094, ""lng"": -123.1154289}, {""lat"": 49.2835764, ""lng"": -123.1153699}, {""lat"": 49.2835974, ""lng"": -123.1153379}]","","2"
"56","0","regular","49.2835816","-123.1154162","POLYGON((-123.1154295 49.2836091, -123.1154615 49.2835871, -123.1154035 49.2835541, -123.1153705 49.2835761, -123.1154295 49.2836091))","[{""lat"": 49.2836091, ""lng"": -123.1154295}, {""lat"": 49.2835871, ""lng"": -123.1154615}, {""lat"": 49.2835541, ""lng"": -123.1154035}, {""lat"": 49.2835761, ""lng"": -123.1153705}]","","2"
"57","0","regular","49.2835594","-123.1154499","POLYGON((-123.1154626 49.2835867, -123.1154956 49.2835657, -123.1154366 49.2835317, -123.1154046 49.2835537, -123.1154626 49.2835867))","[{""lat"": 49.2835867, ""lng"": -123.1154626}, {""lat"": 49.2835657, ""lng"": -123.1154956}, {""lat"": 49.2835317, ""lng"": -123.1154366}, {""lat"": 49.2835537, ""lng"": -123.1154046}]","","2"
"58","0","regular","49.2835374","-123.1154830","POLYGON((-123.1154962 49.2835652, -123.1155282 49.2835432, -123.1154702 49.2835102, -123.1154372 49.2835312, -123.1154962 49.2835652))","[{""lat"": 49.2835652, ""lng"": -123.1154962}, {""lat"": 49.2835432, ""lng"": -123.1155282}, {""lat"": 49.2835102, ""lng"": -123.1154702}, {""lat"": 49.2835312, ""lng"": -123.1154372}]","","2"
"59","0","regular","49.2835153","-123.1155165","POLYGON((-123.1155293 49.2835428, -123.1155623 49.2835208, -123.1155033 49.2834878, -123.1154713 49.2835098, -123.1155293 49.2835428))","[{""lat"": 49.2835428, ""lng"": -123.1155293}, {""lat"": 49.2835208, ""lng"": -123.1155623}, {""lat"": 49.2834878, ""lng"": -123.1155033}, {""lat"": 49.2835098, ""lng"": -123.1154713}]","","2"
"60","0","regular","49.2834931","-123.1155500","POLYGON((-123.1155633 49.2835204, -123.1155953 49.2834994, -123.1155373 49.2834654, -123.1155043 49.2834874, -123.1155633 49.2835204))","[{""lat"": 49.2835204, ""lng"": -123.1155633}, {""lat"": 49.2834994, ""lng"": -123.1155953}, {""lat"": 49.2834654, ""lng"": -123.1155373}, {""lat"": 49.2834874, ""lng"": -123.1155043}]","","2"
"61","0","regular","49.2834711","-123.1155832","POLYGON((-123.1155959 49.2834989, -123.1156289 49.2834769, -123.1155699 49.2834439, -123.1155379 49.2834649, -123.1155959 49.2834989))","[{""lat"": 49.2834989, ""lng"": -123.1155959}, {""lat"": 49.2834769, ""lng"": -123.1156289}, {""lat"": 49.2834439, ""lng"": -123.1155699}, {""lat"": 49.2834649, ""lng"": -123.1155379}]","","2"
"62","0","regular","49.2834490","-123.1156168","POLYGON((-123.1156300 49.2834765, -123.1156620 49.2834545, -123.1156040 49.2834215, -123.1155710 49.2834435, -123.1156300 49.2834765))","[{""lat"": 49.2834765, ""lng"": -123.11563}, {""lat"": 49.2834545, ""lng"": -123.115662}, {""lat"": 49.2834215, ""lng"": -123.115604}, {""lat"": 49.2834435, ""lng"": -123.115571}]","","2"
"63","0","regular","49.2834266","-123.1156498","POLYGON((-123.1156623 49.2834536, -123.1156953 49.2834326, -123.1156373 49.2833996, -123.1156043 49.2834206, -123.1156623 49.2834536))","[{""lat"": 49.2834536, ""lng"": -123.1156623}, {""lat"": 49.2834326, ""lng"": -123.1156953}, {""lat"": 49.2833996, ""lng"": -123.1156373}, {""lat"": 49.2834206, ""lng"": -123.1156043}]","","2"
"64","0","regular","49.2834049","-123.1156832","POLYGON((-123.1156962 49.2834324, -123.1157282 49.2834104, -123.1156702 49.2833774, -123.1156382 49.2833994, -123.1156962 49.2834324))","[{""lat"": 49.2834324, ""lng"": -123.1156962}, {""lat"": 49.2834104, ""lng"": -123.1157282}, {""lat"": 49.2833774, ""lng"": -123.1156702}, {""lat"": 49.2833994, ""lng"": -123.1156382}]","","2"
"65","0","regular","49.2833823","-123.1157164","POLYGON((-123.1157289 49.2834098, -123.1157619 49.2833878, -123.1157039 49.2833548, -123.1156709 49.2833768, -123.1157289 49.2834098))","[{""lat"": 49.2834098, ""lng"": -123.1157289}, {""lat"": 49.2833878, ""lng"": -123.1157619}, {""lat"": 49.2833548, ""lng"": -123.1157039}, {""lat"": 49.2833768, ""lng"": -123.1156709}]","","2"
"66","0","regular","49.2836255","-123.1153499","POLYGON((-123.1153632 49.2836527, -123.1153952 49.2836317, -123.1153372 49.2835977, -123.1153042 49.2836197, -123.1153632 49.2836527))","[{""lat"": 49.2836527, ""lng"": -123.1153632}, {""lat"": 49.2836317, ""lng"": -123.1153952}, {""lat"": 49.2835977, ""lng"": -123.1153372}, {""lat"": 49.2836197, ""lng"": -123.1153042}]","","2"
"67","0","regular","49.2836483","-123.1153161","POLYGON((-123.1153289 49.2836761, -123.1153619 49.2836541, -123.1153029 49.2836211, -123.1152709 49.2836421, -123.1153289 49.2836761))","[{""lat"": 49.2836761, ""lng"": -123.1153289}, {""lat"": 49.2836541, ""lng"": -123.1153619}, {""lat"": 49.2836211, ""lng"": -123.1153029}, {""lat"": 49.2836421, ""lng"": -123.1152709}]","","2"
"68","0","regular","49.2833605","-123.1157506","POLYGON((-123.1157633 49.2833875, -123.1157963 49.2833665, -123.1157373 49.2833335, -123.1157053 49.2833545, -123.1157633 49.2833875))","[{""lat"": 49.2833875, ""lng"": -123.1157633}, {""lat"": 49.2833665, ""lng"": -123.1157963}, {""lat"": 49.2833335, ""lng"": -123.1157373}, {""lat"": 49.2833545, ""lng"": -123.1157053}]","","2"
"69","0","regular","49.2836708","-123.1152824","POLYGON((-123.1152956 49.2836983, -123.1153276 49.2836763, -123.1152696 49.2836433, -123.1152366 49.2836653, -123.1152956 49.2836983))","[{""lat"": 49.2836983, ""lng"": -123.1152956}, {""lat"": 49.2836763, ""lng"": -123.1153276}, {""lat"": 49.2836433, ""lng"": -123.1152696}, {""lat"": 49.2836653, ""lng"": -123.1152366}]","","2"
"70","0","regular","49.2833385","-123.1157838","POLYGON((-123.1157965 49.2833663, -123.1158295 49.2833443, -123.1157705 49.2833113, -123.1157385 49.2833323, -123.1157965 49.2833663))","[{""lat"": 49.2833663, ""lng"": -123.1157965}, {""lat"": 49.2833443, ""lng"": -123.1158295}, {""lat"": 49.2833113, ""lng"": -123.1157705}, {""lat"": 49.2833323, ""lng"": -123.1157385}]","","2"
"71","0","regular","49.2833187","-123.1155847","POLYGON((-123.1155980 49.2833460, -123.1156300 49.2833250, -123.1155720 49.2832910, -123.1155390 49.2833130, -123.1155980 49.2833460))","[{""lat"": 49.283346, ""lng"": -123.115598}, {""lat"": 49.283325, ""lng"": -123.11563}, {""lat"": 49.283291, ""lng"": -123.115572}, {""lat"": 49.283313, ""lng"": -123.115539}]","","2"
"72","0","regular","49.2833416","-123.1155493","POLYGON((-123.1155625 49.2833694, -123.1155945 49.2833474, -123.1155365 49.2833144, -123.1155035 49.2833354, -123.1155625 49.2833694))","[{""lat"": 49.2833694, ""lng"": -123.1155625}, {""lat"": 49.2833474, ""lng"": -123.1155945}, {""lat"": 49.2833144, ""lng"": -123.1155365}, {""lat"": 49.2833354, ""lng"": -123.1155035}]","","2"
"73","0","regular","49.2835275","-123.1151428","POLYGON((-123.1151560 49.2835550, -123.1151880 49.2835330, -123.1151300 49.2835000, -123.1150970 49.2835220, -123.1151560 49.2835550))","[{""lat"": 49.283555, ""lng"": -123.115156}, {""lat"": 49.283533, ""lng"": -123.115188}, {""lat"": 49.2835, ""lng"": -123.11513}, {""lat"": 49.283522, ""lng"": -123.115097}]","","2"
"74","0","regular","49.2835027","-123.1151773","POLYGON((-123.1151900 49.2835300, -123.1152230 49.2835090, -123.1151640 49.2834750, -123.1151320 49.2834970, -123.1151900 49.2835300))","[{""lat"": 49.28353, ""lng"": -123.11519}, {""lat"": 49.283509, ""lng"": -123.115223}, {""lat"": 49.283475, ""lng"": -123.115164}, {""lat"": 49.283497, ""lng"": -123.115132}]","","2"
"75","0","regular","49.2834792","-123.1152137","POLYGON((-123.1152270 49.2835070, -123.1152590 49.2834850, -123.1152010 49.2834520, -123.1151680 49.2834730, -123.1152270 49.2835070))","[{""lat"": 49.283507, ""lng"": -123.115227}, {""lat"": 49.283485, ""lng"": -123.115259}, {""lat"": 49.283452, ""lng"": -123.115201}, {""lat"": 49.283473, ""lng"": -123.115168}]","","2"
"76","0","regular","49.2834555","-123.1152495","POLYGON((-123.1152620 49.2834830, -123.1152950 49.2834610, -123.1152370 49.2834280, -123.1152040 49.2834500, -123.1152620 49.2834830))","[{""lat"": 49.283483, ""lng"": -123.115262}, {""lat"": 49.283461, ""lng"": -123.115295}, {""lat"": 49.283428, ""lng"": -123.115237}, {""lat"": 49.28345, ""lng"": -123.115204}]","","2"
"77","0","regular","49.2834320","-123.1152840","POLYGON((-123.1152970 49.2834590, -123.1153290 49.2834380, -123.1152710 49.2834050, -123.1152390 49.2834260, -123.1152970 49.2834590))","[{""lat"": 49.283459, ""lng"": -123.115297}, {""lat"": 49.283438, ""lng"": -123.115329}, {""lat"": 49.283405, ""lng"": -123.115271}, {""lat"": 49.283426, ""lng"": -123.115239}]","","2"
"78","0","regular","49.2834095","-123.1153195","POLYGON((-123.1153320 49.2834370, -123.1153650 49.2834150, -123.1153070 49.2833820, -123.1152740 49.2834040, -123.1153320 49.2834370))","[{""lat"": 49.283437, ""lng"": -123.115332}, {""lat"": 49.283415, ""lng"": -123.115365}, {""lat"": 49.283382, ""lng"": -123.115307}, {""lat"": 49.283404, ""lng"": -123.115274}]","","2"
"79","0","regular","49.2833855","-123.1153552","POLYGON((-123.1153680 49.2834130, -123.1154010 49.2833910, -123.1153420 49.2833580, -123.1153100 49.2833800, -123.1153680 49.2834130))","[{""lat"": 49.283413, ""lng"": -123.115368}, {""lat"": 49.283391, ""lng"": -123.115401}, {""lat"": 49.283358, ""lng"": -123.115342}, {""lat"": 49.28338, ""lng"": -123.11531}]","","2"
"80","0","regular","49.2833630","-123.1153887","POLYGON((-123.1154020 49.2833900, -123.1154340 49.2833690, -123.1153760 49.2833360, -123.1153430 49.2833570, -123.1154020 49.2833900))","[{""lat"": 49.28339, ""lng"": -123.115402}, {""lat"": 49.283369, ""lng"": -123.115434}, {""lat"": 49.283336, ""lng"": -123.115376}, {""lat"": 49.283357, ""lng"": -123.115343}]","","2"
"81","0","regular","49.2833405","-123.1154233","POLYGON((-123.1154360 49.2833680, -123.1154690 49.2833460, -123.1154100 49.2833130, -123.1153780 49.2833350, -123.1154360 49.2833680))","[{""lat"": 49.283368, ""lng"": -123.115436}, {""lat"": 49.283346, ""lng"": -123.115469}, {""lat"": 49.283313, ""lng"": -123.11541}, {""lat"": 49.283335, ""lng"": -123.115378}]","","2"
"82","0","regular","49.2833178","-123.1154578","POLYGON((-123.1154710 49.2833450, -123.1155030 49.2833240, -123.1154450 49.2832900, -123.1154120 49.2833120, -123.1154710 49.2833450))","[{""lat"": 49.283345, ""lng"": -123.115471}, {""lat"": 49.283324, ""lng"": -123.115503}, {""lat"": 49.28329, ""lng"": -123.115445}, {""lat"": 49.283312, ""lng"": -123.115412}]","","2"
"83","0","regular","49.2832942","-123.1154923","POLYGON((-123.1155050 49.2833220, -123.1155380 49.2833000, -123.1154790 49.2832670, -123.1154470 49.2832880, -123.1155050 49.2833220))","[{""lat"": 49.283322, ""lng"": -123.115505}, {""lat"": 49.2833, ""lng"": -123.115538}, {""lat"": 49.283267, ""lng"": -123.115479}, {""lat"": 49.283288, ""lng"": -123.115447}]","","2"
"84","0","regular","49.2834665","-123.1150255","POLYGON((-123.1150380 49.2834940, -123.1150710 49.2834720, -123.1150130 49.2834390, -123.1149800 49.2834610, -123.1150380 49.2834940))","[{""lat"": 49.283494, ""lng"": -123.115038}, {""lat"": 49.283472, ""lng"": -123.115071}, {""lat"": 49.283439, ""lng"": -123.115013}, {""lat"": 49.283461, ""lng"": -123.11498}]","","2"
"85","0","regular","49.2834425","-123.1150600","POLYGON((-123.1150730 49.2834700, -123.1151050 49.2834480, -123.1150470 49.2834150, -123.1150150 49.2834370, -123.1150730 49.2834700))","[{""lat"": 49.28347, ""lng"": -123.115073}, {""lat"": 49.283448, ""lng"": -123.115105}, {""lat"": 49.283415, ""lng"": -123.115047}, {""lat"": 49.283437, ""lng"": -123.115015}]","","2"
"86","0","regular","49.2834180","-123.1150945","POLYGON((-123.1151070 49.2834450, -123.1151400 49.2834240, -123.1150820 49.2833910, -123.1150490 49.2834120, -123.1151070 49.2834450))","[{""lat"": 49.283445, ""lng"": -123.115107}, {""lat"": 49.283424, ""lng"": -123.11514}, {""lat"": 49.283391, ""lng"": -123.115082}, {""lat"": 49.283412, ""lng"": -123.115049}]","","2"
"87","0","regular","49.2833935","-123.1151313","POLYGON((-123.1151440 49.2834210, -123.1151770 49.2833990, -123.1151180 49.2833660, -123.1150860 49.2833880, -123.1151440 49.2834210))","[{""lat"": 49.283421, ""lng"": -123.115144}, {""lat"": 49.283399, ""lng"": -123.115177}, {""lat"": 49.283366, ""lng"": -123.115118}, {""lat"": 49.283388, ""lng"": -123.115086}]","","2"
"88","0","regular","49.2833708","-123.1151658","POLYGON((-123.1151790 49.2833980, -123.1152110 49.2833770, -123.1151530 49.2833430, -123.1151200 49.2833650, -123.1151790 49.2833980))","[{""lat"": 49.283398, ""lng"": -123.115179}, {""lat"": 49.283377, ""lng"": -123.115211}, {""lat"": 49.283343, ""lng"": -123.115153}, {""lat"": 49.283365, ""lng"": -123.11512}]","","2"
"89","0","regular","49.2833460","-123.1152012","POLYGON((-123.1152140 49.2833740, -123.1152470 49.2833520, -123.1151880 49.2833180, -123.1151560 49.2833400, -123.1152140 49.2833740))","[{""lat"": 49.283374, ""lng"": -123.115214}, {""lat"": 49.283352, ""lng"": -123.115247}, {""lat"": 49.283318, ""lng"": -123.115188}, {""lat"": 49.28334, ""lng"": -123.115156}]","","2"
"90","0","regular","49.2833225","-123.1152357","POLYGON((-123.1152490 49.2833500, -123.1152810 49.2833280, -123.1152230 49.2832950, -123.1151900 49.2833170, -123.1152490 49.2833500))","[{""lat"": 49.28335, ""lng"": -123.115249}, {""lat"": 49.283328, ""lng"": -123.115281}, {""lat"": 49.283295, ""lng"": -123.115223}, {""lat"": 49.283317, ""lng"": -123.11519}]","","2"
"91","0","regular","49.2832988","-123.1152692","POLYGON((-123.1152820 49.2833260, -123.1153150 49.2833050, -123.1152560 49.2832710, -123.1152240 49.2832930, -123.1152820 49.2833260))","[{""lat"": 49.283326, ""lng"": -123.115282}, {""lat"": 49.283305, ""lng"": -123.115315}, {""lat"": 49.283271, ""lng"": -123.115256}, {""lat"": 49.283293, ""lng"": -123.115224}]","","2"
"92","0","handicap","49.2832703","-123.1153107","POLYGON((-123.1153240 49.2832980, -123.1153560 49.2832760, -123.1152980 49.2832430, -123.1152650 49.2832640, -123.1153240 49.2832980))","[{""lat"": 49.283298, ""lng"": -123.115324}, {""lat"": 49.283276, ""lng"": -123.115356}, {""lat"": 49.283243, ""lng"": -123.115298}, {""lat"": 49.283264, ""lng"": -123.115265}]","","2"
"93","0","handicap","49.2832435","-123.1153513","POLYGON((-123.1153640 49.2832710, -123.1153970 49.2832490, -123.1153380 49.2832160, -123.1153060 49.2832380, -123.1153640 49.2832710))","[{""lat"": 49.283271, ""lng"": -123.115364}, {""lat"": 49.283249, ""lng"": -123.115397}, {""lat"": 49.283216, ""lng"": -123.115338}, {""lat"": 49.283238, ""lng"": -123.115306}]","","2"
"94","0","small","49.2836830","-123.1152030","POLYGON((-123.1151940 49.2837110, -123.1152480 49.2836750, -123.1152120 49.2836550, -123.1151580 49.2836910, -123.1151940 49.2837110))","[{""lat"": 49.283711, ""lng"": -123.115194}, {""lat"": 49.283675, ""lng"": -123.115248}, {""lat"": 49.283655, ""lng"": -123.115212}, {""lat"": 49.283691, ""lng"": -123.115158}]","","2"
"95","0","small","49.2836622","-123.1151655","POLYGON((-123.1151560 49.2836900, -123.1152100 49.2836540, -123.1151750 49.2836340, -123.1151210 49.2836710, -123.1151560 49.2836900))","[{""lat"": 49.28369, ""lng"": -123.115156}, {""lat"": 49.283654, ""lng"": -123.11521}, {""lat"": 49.283634, ""lng"": -123.115175}, {""lat"": 49.283671, ""lng"": -123.115121}]","","2"
"96","0","small","49.2836408","-123.1151290","POLYGON((-123.1151200 49.2836690, -123.1151740 49.2836320, -123.1151380 49.2836130, -123.1150840 49.2836490, -123.1151200 49.2836690))","[{""lat"": 49.283669, ""lng"": -123.11512}, {""lat"": 49.283632, ""lng"": -123.115174}, {""lat"": 49.283613, ""lng"": -123.115138}, {""lat"": 49.283649, ""lng"": -123.115084}]","","2"
"97","0","small","49.2836200","-123.1150915","POLYGON((-123.1150820 49.2836480, -123.1151360 49.2836120, -123.1151010 49.2835920, -123.1150470 49.2836280, -123.1150820 49.2836480))","[{""lat"": 49.283648, ""lng"": -123.115082}, {""lat"": 49.283612, ""lng"": -123.115136}, {""lat"": 49.283592, ""lng"": -123.115101}, {""lat"": 49.283628, ""lng"": -123.115047}]","","2"
"98","0","small","49.2835990","-123.1150545","POLYGON((-123.1150450 49.2836270, -123.1150990 49.2835910, -123.1150640 49.2835710, -123.1150100 49.2836070, -123.1150450 49.2836270))","[{""lat"": 49.283627, ""lng"": -123.115045}, {""lat"": 49.283591, ""lng"": -123.115099}, {""lat"": 49.283571, ""lng"": -123.115064}, {""lat"": 49.283607, ""lng"": -123.11501}]","","2"
"99","0","small","49.2835780","-123.1150165","POLYGON((-123.1150070 49.2836060, -123.1150610 49.2835700, -123.1150260 49.2835500, -123.1149720 49.2835860, -123.1150070 49.2836060))","[{""lat"": 49.283606, ""lng"": -123.115007}, {""lat"": 49.28357, ""lng"": -123.115061}, {""lat"": 49.28355, ""lng"": -123.115026}, {""lat"": 49.283586, ""lng"": -123.114972}]","","2"
"100","0","small","49.2835560","-123.1149805","POLYGON((-123.1149710 49.2835840, -123.1150250 49.2835480, -123.1149900 49.2835280, -123.1149360 49.2835640, -123.1149710 49.2835840))","[{""lat"": 49.283584, ""lng"": -123.114971}, {""lat"": 49.283548, ""lng"": -123.115025}, {""lat"": 49.283528, ""lng"": -123.11499}, {""lat"": 49.283564, ""lng"": -123.114936}]","","2"
"101","0","small","49.2835340","-123.1149425","POLYGON((-123.1149330 49.2835620, -123.1149870 49.2835260, -123.1149520 49.2835060, -123.1148980 49.2835420, -123.1149330 49.2835620))","[{""lat"": 49.283562, ""lng"": -123.114933}, {""lat"": 49.283526, ""lng"": -123.114987}, {""lat"": 49.283506, ""lng"": -123.114952}, {""lat"": 49.283542, ""lng"": -123.114898}]","","2"
